DBSCAN_Cluster,Primary_Animal,CONFLICT_TYPE,Incident_Count,Priority_Level,Center_Lat,Center_Lon
0,Rhino,Attacks To Human,182,CRITICAL,27.60564017426153,84.10028995315551
1,Tiger,Attacks To Human,150,ACTIVE,27.591239671541988,84.29638248599706
2,Elephant,Attacks To Human,39,ACTIVE,27.346190884172483,84.61055631099542
3,Leopard,Livestock Depredation,143,ACTIVE,27.580684960287677,84.56151978566146
4,Elephant,Livestock Depredation,167,CRITICAL,27.462149326857638,84.32867658363509
5,Tiger,Livestock Depredation,65,ACTIVE,27.408072125298023,84.34951472836954
6,Elephant,Attacks To Human,10,ACTIVE,27.38938629000602,84.46474186761849
